GraphName,Version,Nodes,Edges,Wall Time,CPU Time,Clusters,Modularity,MaxIterations,FirstMoveTime,MoveTime,CoarsenTime,RefineTime,Threads,CacheLevel,CacheMissCount,Refine
M6,PLP,3501776,10501936,0.781199,30.9855,88759,0.817427,25,0,756,0,0,48,LL,0,0
333SP,PLP,3712815,11108633,0.980528,42.2263,63375,0.856483,25,0,928,0,0,48,LL,0,0
AS365,PLP,3799275,11368076,0.913836,37.718,95319,0.819059,25,0,867,0,0,48,LL,0,0
M6,MPLP,3501776,10501936,1.18571,21.8814,87103,0.818225,25,0,639,0,0,48,LL,0,0
333SP,MPLP,3712815,11108633,1.02458,24.7652,62270,0.857013,25,0,490,0,0,48,LL,0,0
AS365,MPLP,3799275,11368076,0.980006,21.5826,95597,0.818513,25,0,410,0,0,48,LL,0,0
AS365,ONLP,3799275,11368076,1.01698,24.2572,97504,0.817392,25,0,452,0,0,48,LL,0,0
M6,ONLP,3501776,10501936,1.07434,29.1259,89527,0.816028,25,0,593,0,0,48,LL,0,0
333SP,ONLP,3712815,11108633,1.19792,32.8394,63271,0.856296,25,0,666,0,0,48,LL,0,0
