GraphName,Version,Nodes,Edges,Wall Time,CPU Time,Clusters,Modularity,MaxIterations,FirstMoveTime,MoveTime,CoarsenTime,RefineTime,Threads,CacheLevel,CacheMissCount,Refine
Oregon-2,PLP,11806,32730,0.0338559,0.570042,417,0.40977,25,0,2,0,0,36,LL,0,0
AS365,PLP,3799275,11368076,0.751943,25.9872,96801,0.818354,25,0,708,0,0,36,LL,0,0
M6,PLP,3501776,10501936,1.09419,38.3849,88790,0.816577,25,0,1071,0,0,36,LL,0,0
NLR,PLP,4163763,12487976,0.873922,30.3071,104260,0.81772,25,0,825,0,0,36,LL,0,0
333SP,PLP,3712815,11108633,1.69289,59.925,63015,0.857159,25,0,1644,0,0,36,LL,0,0
NACA0015,PLP,1039183,3114818,0.228607,7.58278,26366,0.816277,25,0,191,0,0,36,LL,0,0
