GraphName,Version,Nodes,Edges,Wall Time,CPU Time,Clusters,Modularity,MaxIterations,FirstMoveTime,MoveTime,CoarsenTime,RefineTime,Threads,CacheLevel,CacheMissCount,Refine
uk-2002,PLM,18520486,261787258,92.6625,1342.72,42040,0.989739,25,84690.7,88465.7,740.727,0,36,L1D,0,0
uk-2002,MPLM,18520486,261787258,18.1877,579.866,42224,0.989799,25,13880.2,14370.2,707.242,0,36,LL,0,0
nlpkkt200,PLM,16240000,215992816,139.285,3431.29,56,0.941417,25,136170,136620,293.569,0,36,L1D,0,0
