GraphName,Version,Nodes,Edges,Wall Time,CPU Time,Clusters,Modularity,MaxIterations,FirstMoveTime,MoveTime,CoarsenTime,RefineTime,Threads,CacheLevel,CacheMissCount,Refine,StablePartitioningTime
333SP,MPLP,3712815,11108633,1.4271,40.3032,60614,0.859422,25,0,855,0,0,48,LL,0,0,0.0794289
333SP,ONLP,3712815,11108633,1.68019,40.3996,64143,0.857748,25,0,809,0,0,48,LL,0,0,0.292337
AS365,MPLP,3799275,11368076,1.1083,24.9285,95682,0.819102,25,0,519,0,0,48,LL,0,0,0.0659448
AS365,ONLP,3799275,11368076,1.36656,34.3303,93007,0.821782,25,0,517,0,0,48,LL,0,0,0.294708
M6,MPLP,3501776,10501936,0.987738,25.1106,87806,0.817572,25,0,463,0,0,48,LL,0,0,0.050292
