GraphName,Version,Nodes,Edges,Wall Time,CPU Time,Clusters,Modularity,MaxIterations,FirstMoveTime,MoveTime,CoarsenTime,RefineTime,Threads,CacheLevel,CacheMissCount,Refine,StablePartitioningTime
RMAT_20_16-57-19-19-05,ONPL,1048576,16777216,2.61238,84.555,393254,0.0729518,25,1264.41,1442.41,424.916,0,48,LL,0,0,0
RMAT_20_16-57-19-19-05,PLM,1048576,16777216,19.4685,356.929,392677,0.0731727,25,13184.1,18204.1,436.021,0,48,L1D,0,0,0
RMAT_20_16-57-19-19-05,ONPL,1048576,16777216,3.7421,162.337,393312,0.0733605,25,2266.24,2404.24,482.039,0,48,LL,0,0,0
RMAT_20_16-57-19-19-05,OVPL,1048576,16777216,348.357,706.645,393014,0.0722732,25,345035,345370,456.481,0,48,LL,0,0,0
RMAT_20_16-57-19-19-05,MPLM,1048576,16777216,4.73855,180.14,392878,0.0728582,25,2880.51,3053.51,625.649,0,48,LL,0,0,0
RMAT_22_16-57-19-19-05,PLM,4194304,67108864,106.407,756.468,1773427,0.0525216,25,55601.5,98984.5,2632.23,0,48,L1D,0,0,0
RMAT_22_16-57-19-19-05,ONPL,4194304,67108864,15.8257,522.888,1774315,0.0645518,25,7722.12,10104.1,2170.01,0,48,LL,0,0,0
RMAT_22_16-57-19-19-05,OVPL,4194304,67108864,5443.22,6537.47,1773510,0.0634534,25,5.42184e+06,5.42526e+06,1972.15,0,48,LL,0,0,0
